<?xml version="1.0"?>
<ArrayOfApiKeyEntity xmlns:xsi="http://www.w3.org/2001/XMLSchema-instance" xmlns:xsd="http://www.w3.org/2001/XMLSchema">
  <ApiKeyEntity>
    <ApiKey>bBx0WzsTWxCcpD2IntQ3DpUIh0wYsgTjsiIDeTvLbsU6</ApiKey>
    <Id>1</Id>
    <Rate>60</Rate>
    <LastAccess>2019-01-12T12:06:58.3288109+07:00</LastAccess>
    <NextAccess>2019-01-12T12:11:58.3288109+07:00</NextAccess>
    <Status>INACTIVE</Status>
  </ApiKeyEntity>
  <ApiKeyEntity>
    <ApiKey>1tpL7fU0qI9zY4Tg8XaWS3GWrDff759VGT7mm0C0tZw4</ApiKey>
    <Id>2</Id>
    <Rate>120</Rate>
    <LastAccess>2019-01-11T23:44:03.771297+07:00</LastAccess>
    <NextAccess>2019-01-11T23:49:03.771297+07:00</NextAccess>
    <Status>INACTIVE</Status>
  </ApiKeyEntity>
  <ApiKeyEntity>
    <ApiKey>XEC5OD3B76dX2qYrSXddKIE4L3DT730sp8Z3HHDueTk9</ApiKey>
    <Id>3</Id>
    <Rate xsi:nil="true" />
    <LastAccess>2019-01-11T23:45:15.5232399+07:00</LastAccess>
    <NextAccess>2019-01-11T23:45:25.5232399+07:00</NextAccess>
    <Status>ACTIVE</Status>
  </ApiKeyEntity>
  <ApiKeyEntity>
    <ApiKey>UWKD9EcRzxxteEOZrNg9QCHHBycngaEstcMW4THygos7</ApiKey>
    <Id>4</Id>
    <Rate xsi:nil="true" />
    <LastAccess>2019-01-12T12:07:48.1702614+07:00</LastAccess>
    <NextAccess>2019-01-12T12:12:48.1702614+07:00</NextAccess>
    <Status>INACTIVE</Status>
  </ApiKeyEntity>
  <ApiKeyEntity>
    <ApiKey>qOXNK7mYXx7JO4iPE9JQU0SW09409a7Ew5a8IEFl8Lc3</ApiKey>
    <Id>5</Id>
    <Rate>20</Rate>
    <LastAccess>2019-01-11T23:45:37.0185596+07:00</LastAccess>
    <NextAccess>2019-01-11T23:45:57.0185596+07:00</NextAccess>
    <Status>ACTIVE</Status>
  </ApiKeyEntity>
  <ApiKeyEntity>
    <ApiKey>OZK0clqMrtDvL0BvKR4a2LDDaBCjLBf0tFctVS5m4BI7</ApiKey>
    <Id>6</Id>
    <Rate>20</Rate>
    <LastAccess>2019-01-11T23:45:46.3295528+07:00</LastAccess>
    <NextAccess>2019-01-11T23:46:06.3295528+07:00</NextAccess>
    <Status>ACTIVE</Status>
  </ApiKeyEntity>
  <ApiKeyEntity>
    <ApiKey>FioE3dHUh1zhq7IqHx3xURHbDMVTdARywfs2PD17cL83</ApiKey>
    <Id>7</Id>
    <Rate>20</Rate>
    <LastAccess>2019-01-11T23:45:56.0900112+07:00</LastAccess>
    <NextAccess>2019-01-11T23:46:16.0900112+07:00</NextAccess>
    <Status>ACTIVE</Status>
  </ApiKeyEntity>
  <ApiKeyEntity>
    <ApiKey>tqxNifndk7XWsesojz0QZR1ahu1AGicsl2QEFZve49k3</ApiKey>
    <Id>8</Id>
    <Rate>20</Rate>
    <LastAccess>2019-01-11T23:46:09.8550301+07:00</LastAccess>
    <NextAccess>2019-01-11T23:46:29.8550301+07:00</NextAccess>
    <Status>ACTIVE</Status>
  </ApiKeyEntity>
  <ApiKeyEntity>
    <ApiKey>bbDphJFqql7KfQg1AiXF8fAOBSbBpQL2tvPjRxG5u848</ApiKey>
    <Id>9</Id>
    <Rate>20</Rate>
    <LastAccess>2019-01-11T23:46:18.9944099+07:00</LastAccess>
    <NextAccess>2019-01-11T23:46:38.9944099+07:00</NextAccess>
    <Status>ACTIVE</Status>
  </ApiKeyEntity>
  <ApiKeyEntity>
    <ApiKey>vKkhLU1JDwwEWrfTd8bSurEx7dhPfHOK5JRDDU0NG0AW</ApiKey>
    <Id>10</Id>
    <Rate>20</Rate>
    <LastAccess>2019-01-11T23:46:28.5789204+07:00</LastAccess>
    <NextAccess>2019-01-11T23:46:48.5789204+07:00</NextAccess>
    <Status>ACTIVE</Status>
  </ApiKeyEntity>
</ArrayOfApiKeyEntity>